<settings>

<localRepository>/space/rational/IBM/maven/apache-maven-3.2.5/.m2/repository/mvnRepo</localRepository>

<mirrors>   
        <mirror>
               <id>nexus_inail_approved</id>
               <mirrorOf>*</mirrorOf>
               <url>https://repositorymaven.inail.it:8443/nexus/repository/INAIL-ApprovedBuildingRelease/</url>
        </mirror>  
</mirrors>

<servers>

 <server>
  <id>nexus_inail_approved</id>
  <username>releaseBuilder</username>
  <password>*******</password>
 </server>
 <server>
  <id>nxrm3_inail_build</id>
  <username>stagingBuilder</username>
  <password>*******</password>
 </server>

</servers>

</settings>
